PRAGMA foreign_keys=OFF;
BEGIN TRANSACTION;
CREATE TABLE "django_migrations" ("id" integer NOT NULL PRIMARY KEY AUTOINCREMENT, "app" varchar(255) NOT NULL, "name" varchar(255) NOT NULL, "applied" datetime NOT NULL);
INSERT INTO "django_migrations" VALUES(1,'contenttypes','0001_initial','2017-05-18 05:24:19.098903');
INSERT INTO "django_migrations" VALUES(2,'auth','0001_initial','2017-05-18 05:24:19.286506');
INSERT INTO "django_migrations" VALUES(3,'admin','0001_initial','2017-05-18 05:24:19.467126');
INSERT INTO "django_migrations" VALUES(4,'admin','0002_logentry_remove_auto_add','2017-05-18 05:24:19.646926');
INSERT INTO "django_migrations" VALUES(5,'contenttypes','0002_remove_content_type_name','2017-05-18 05:24:19.842186');
INSERT INTO "django_migrations" VALUES(6,'auth','0002_alter_permission_name_max_length','2017-05-18 05:24:20.005238');
INSERT INTO "django_migrations" VALUES(7,'auth','0003_alter_user_email_max_length','2017-05-18 05:24:20.175435');
INSERT INTO "django_migrations" VALUES(8,'auth','0004_alter_user_username_opts','2017-05-18 05:24:20.346856');
INSERT INTO "django_migrations" VALUES(9,'auth','0005_alter_user_last_login_null','2017-05-18 05:24:20.518486');
INSERT INTO "django_migrations" VALUES(10,'auth','0006_require_contenttypes_0002','2017-05-18 05:24:20.596143');
INSERT INTO "django_migrations" VALUES(11,'auth','0007_alter_validators_add_error_messages','2017-05-18 05:24:20.790755');
INSERT INTO "django_migrations" VALUES(12,'auth','0008_alter_user_username_max_length','2017-05-18 05:24:20.964067');
INSERT INTO "django_migrations" VALUES(13,'sessions','0001_initial','2017-05-18 05:24:21.127159');
INSERT INTO "django_migrations" VALUES(14,'article','0001_initial','2017-05-18 05:26:38.009370');
INSERT INTO "django_migrations" VALUES(15,'tvm','0001_initial','2017-06-09 04:43:38.636668');
INSERT INTO "django_migrations" VALUES(16,'tvm','0002_auto_20170609_0449','2017-06-09 04:49:44.736047');
INSERT INTO "django_migrations" VALUES(17,'tvm','0003_auto_20170609_0615','2017-06-09 06:15:40.086336');
INSERT INTO "django_migrations" VALUES(18,'tvm','0004_auto_20170609_0633','2017-06-09 06:33:44.094418');
INSERT INTO "django_migrations" VALUES(19,'tvm','0005_auto_20170609_0722','2017-06-09 07:22:31.148399');
CREATE TABLE "auth_group" ("id" integer NOT NULL PRIMARY KEY AUTOINCREMENT, "name" varchar(80) NOT NULL UNIQUE);
CREATE TABLE "auth_group_permissions" ("id" integer NOT NULL PRIMARY KEY AUTOINCREMENT, "group_id" integer NOT NULL REFERENCES "auth_group" ("id"), "permission_id" integer NOT NULL REFERENCES "auth_permission" ("id"));
CREATE TABLE "auth_user_groups" ("id" integer NOT NULL PRIMARY KEY AUTOINCREMENT, "user_id" integer NOT NULL REFERENCES "auth_user" ("id"), "group_id" integer NOT NULL REFERENCES "auth_group" ("id"));
CREATE TABLE "auth_user_user_permissions" ("id" integer NOT NULL PRIMARY KEY AUTOINCREMENT, "user_id" integer NOT NULL REFERENCES "auth_user" ("id"), "permission_id" integer NOT NULL REFERENCES "auth_permission" ("id"));
CREATE TABLE "django_admin_log" ("id" integer NOT NULL PRIMARY KEY AUTOINCREMENT, "object_id" text NULL, "object_repr" varchar(200) NOT NULL, "action_flag" smallint unsigned NOT NULL, "change_message" text NOT NULL, "content_type_id" integer NULL REFERENCES "django_content_type" ("id"), "user_id" integer NOT NULL REFERENCES "auth_user" ("id"), "action_time" datetime NOT NULL);
INSERT INTO "django_admin_log" VALUES(1,'1','VR',1,'[{"added": {}}]',8,1,'2017-06-09 06:44:14.864053');
INSERT INTO "django_admin_log" VALUES(2,'1','VR',3,'',8,1,'2017-06-09 06:54:57.618164');
INSERT INTO "django_admin_log" VALUES(3,'2','VR',1,'[{"added": {}}]',8,1,'2017-06-09 06:55:08.643451');
INSERT INTO "django_admin_log" VALUES(4,'3','360自行车',1,'[{"added": {}}]',8,1,'2017-06-09 06:58:04.099396');
INSERT INTO "django_admin_log" VALUES(5,'4','VR',1,'[{"added": {}}]',8,1,'2017-06-09 06:58:42.988873');
INSERT INTO "django_admin_log" VALUES(6,'5','全息音效',1,'[{"added": {}}]',8,1,'2017-06-09 07:07:51.084180');
INSERT INTO "django_admin_log" VALUES(7,'5','全息音效',2,'[]',8,1,'2017-06-09 07:23:07.490056');
CREATE TABLE "django_content_type" ("id" integer NOT NULL PRIMARY KEY AUTOINCREMENT, "app_label" varchar(100) NOT NULL, "model" varchar(100) NOT NULL);
INSERT INTO "django_content_type" VALUES(1,'admin','logentry');
INSERT INTO "django_content_type" VALUES(2,'auth','group');
INSERT INTO "django_content_type" VALUES(3,'auth','permission');
INSERT INTO "django_content_type" VALUES(4,'auth','user');
INSERT INTO "django_content_type" VALUES(5,'contenttypes','contenttype');
INSERT INTO "django_content_type" VALUES(6,'sessions','session');
INSERT INTO "django_content_type" VALUES(7,'article','article');
INSERT INTO "django_content_type" VALUES(8,'tvm','tvm');
CREATE TABLE "auth_permission" ("id" integer NOT NULL PRIMARY KEY AUTOINCREMENT, "content_type_id" integer NOT NULL REFERENCES "django_content_type" ("id"), "codename" varchar(100) NOT NULL, "name" varchar(255) NOT NULL);
INSERT INTO "auth_permission" VALUES(1,1,'add_logentry','Can add log entry');
INSERT INTO "auth_permission" VALUES(2,1,'change_logentry','Can change log entry');
INSERT INTO "auth_permission" VALUES(3,1,'delete_logentry','Can delete log entry');
INSERT INTO "auth_permission" VALUES(4,2,'add_group','Can add group');
INSERT INTO "auth_permission" VALUES(5,2,'change_group','Can change group');
INSERT INTO "auth_permission" VALUES(6,2,'delete_group','Can delete group');
INSERT INTO "auth_permission" VALUES(7,3,'add_permission','Can add permission');
INSERT INTO "auth_permission" VALUES(8,3,'change_permission','Can change permission');
INSERT INTO "auth_permission" VALUES(9,3,'delete_permission','Can delete permission');
INSERT INTO "auth_permission" VALUES(10,4,'add_user','Can add user');
INSERT INTO "auth_permission" VALUES(11,4,'change_user','Can change user');
INSERT INTO "auth_permission" VALUES(12,4,'delete_user','Can delete user');
INSERT INTO "auth_permission" VALUES(13,5,'add_contenttype','Can add content type');
INSERT INTO "auth_permission" VALUES(14,5,'change_contenttype','Can change content type');
INSERT INTO "auth_permission" VALUES(15,5,'delete_contenttype','Can delete content type');
INSERT INTO "auth_permission" VALUES(16,6,'add_session','Can add session');
INSERT INTO "auth_permission" VALUES(17,6,'change_session','Can change session');
INSERT INTO "auth_permission" VALUES(18,6,'delete_session','Can delete session');
INSERT INTO "auth_permission" VALUES(19,7,'add_article','Can add article');
INSERT INTO "auth_permission" VALUES(20,7,'change_article','Can change article');
INSERT INTO "auth_permission" VALUES(21,7,'delete_article','Can delete article');
INSERT INTO "auth_permission" VALUES(22,8,'add_tvm','Can add tvm');
INSERT INTO "auth_permission" VALUES(23,8,'change_tvm','Can change tvm');
INSERT INTO "auth_permission" VALUES(24,8,'delete_tvm','Can delete tvm');
CREATE TABLE "auth_user" ("id" integer NOT NULL PRIMARY KEY AUTOINCREMENT, "password" varchar(128) NOT NULL, "last_login" datetime NULL, "is_superuser" bool NOT NULL, "first_name" varchar(30) NOT NULL, "last_name" varchar(30) NOT NULL, "email" varchar(254) NOT NULL, "is_staff" bool NOT NULL, "is_active" bool NOT NULL, "date_joined" datetime NOT NULL, "username" varchar(150) NOT NULL UNIQUE);
INSERT INTO "auth_user" VALUES(1,'pbkdf2_sha256$36000$HQZDYpI61fIK$9S7YtJH7dh2MbRKLtg+HF5LY87CIlgn4mHBeSnGjvKU=','2017-06-09 04:44:24.789384',1,'','','',1,1,'2017-05-18 06:34:15.114313','flanio');
CREATE TABLE "django_session" ("session_key" varchar(40) NOT NULL PRIMARY KEY, "session_data" text NOT NULL, "expire_date" datetime NOT NULL);
INSERT INTO "django_session" VALUES('edun2ndwwe88tqrv9jvt2iky9zb4yf50','M2RiY2ZjMDhlNjY0NGU0MzA4MGE3NmY5NTYxOGE0MzJiODFhZmYxMDp7Il9hdXRoX3VzZXJfaWQiOiIxIiwiX2F1dGhfdXNlcl9oYXNoIjoiMDI4YTYzNzk5ZDEwZmIzZTYwYTc1MDZhYWU1Y2I2MWJhYjY1ZmVjZCIsIl9hdXRoX3VzZXJfYmFja2VuZCI6ImRqYW5nby5jb250cmliLmF1dGguYmFja2VuZHMuTW9kZWxCYWNrZW5kIn0=','2017-06-01 06:35:57.120070');
INSERT INTO "django_session" VALUES('mdxisk0hgrlz2zdvan6jxzq1xdrmwpzk','MjA2ZDNkZGM0YmNjZTQ5YzEyOWM5Y2ZmYzAzMTM4MWVmYjAxMGMzZTp7Il9hdXRoX3VzZXJfaWQiOiIxIiwiX2F1dGhfdXNlcl9iYWNrZW5kIjoiZGphbmdvLmNvbnRyaWIuYXV0aC5iYWNrZW5kcy5Nb2RlbEJhY2tlbmQiLCJfYXV0aF91c2VyX2hhc2giOiIwMjhhNjM3OTlkMTBmYjNlNjBhNzUwNmFhZTVjYjYxYmFiNjVmZWNkIn0=','2017-06-23 04:44:24.864215');
CREATE TABLE "article_article" ("id" integer NOT NULL PRIMARY KEY AUTOINCREMENT, "title" varchar(100) NOT NULL, "category" varchar(50) NOT NULL, "date_time" datetime NOT NULL, "content" text NULL);
INSERT INTO "article_article" VALUES(2,'Hello World','Python','2017-05-18 05:57:03.679891','我们来做一个简单的数据库增加操作');
INSERT INTO "article_article" VALUES(3,'Django Blog学习','Python','2017-05-18 05:58:56.718571','Django简单博客教程');
CREATE TABLE "tvm_tvm" ("id" integer NOT NULL PRIMARY KEY AUTOINCREMENT, "datetime" date NOT NULL, "SellTimePeriod" integer NOT NULL, "TicketNum" integer NOT NULL, "date" varchar(20) NOT NULL, "name" integer NOT NULL);
INSERT INTO "tvm_tvm" VALUES(2,'2017-06-09',0,3,'20101010',0);
INSERT INTO "tvm_tvm" VALUES(3,'2017-06-09',1,5,'20101010',1);
INSERT INTO "tvm_tvm" VALUES(4,'2017-06-09',2,2,'20101010',1);
INSERT INTO "tvm_tvm" VALUES(5,'2017-06-09',2,6,'20101010',2);
DELETE FROM sqlite_sequence;
INSERT INTO "sqlite_sequence" VALUES('django_migrations',19);
INSERT INTO "sqlite_sequence" VALUES('django_admin_log',7);
INSERT INTO "sqlite_sequence" VALUES('django_content_type',8);
INSERT INTO "sqlite_sequence" VALUES('auth_permission',24);
INSERT INTO "sqlite_sequence" VALUES('auth_user',1);
INSERT INTO "sqlite_sequence" VALUES('article_article',3);
INSERT INTO "sqlite_sequence" VALUES('tvm_tvm',5);
CREATE UNIQUE INDEX "auth_group_permissions_group_id_permission_id_0cd325b0_uniq" ON "auth_group_permissions" ("group_id", "permission_id");
CREATE INDEX "auth_group_permissions_group_id_b120cbf9" ON "auth_group_permissions" ("group_id");
CREATE INDEX "auth_group_permissions_permission_id_84c5c92e" ON "auth_group_permissions" ("permission_id");
CREATE UNIQUE INDEX "auth_user_groups_user_id_group_id_94350c0c_uniq" ON "auth_user_groups" ("user_id", "group_id");
CREATE INDEX "auth_user_groups_user_id_6a12ed8b" ON "auth_user_groups" ("user_id");
CREATE INDEX "auth_user_groups_group_id_97559544" ON "auth_user_groups" ("group_id");
CREATE UNIQUE INDEX "auth_user_user_permissions_user_id_permission_id_14a6b632_uniq" ON "auth_user_user_permissions" ("user_id", "permission_id");
CREATE INDEX "auth_user_user_permissions_user_id_a95ead1b" ON "auth_user_user_permissions" ("user_id");
CREATE INDEX "auth_user_user_permissions_permission_id_1fbb5f2c" ON "auth_user_user_permissions" ("permission_id");
CREATE INDEX "django_admin_log_content_type_id_c4bce8eb" ON "django_admin_log" ("content_type_id");
CREATE INDEX "django_admin_log_user_id_c564eba6" ON "django_admin_log" ("user_id");
CREATE UNIQUE INDEX "django_content_type_app_label_model_76bd3d3b_uniq" ON "django_content_type" ("app_label", "model");
CREATE UNIQUE INDEX "auth_permission_content_type_id_codename_01ab375a_uniq" ON "auth_permission" ("content_type_id", "codename");
CREATE INDEX "auth_permission_content_type_id_2f476e4b" ON "auth_permission" ("content_type_id");
CREATE INDEX "django_session_expire_date_a5c62663" ON "django_session" ("expire_date");
COMMIT;
